leftText,middleText,rightText
Acquisitions,Basement-32,867-806-7274
Acquisitions,Zara Knight,241-648-7179
Acquisitions,Sophie Díaz,998-228-5448
Acquisitions,Erik Fuller,117-645-1376
Business Development,Juan Carlos,710-734-8195
Business Development,HQ - Room 200,904-299-1279
Compliance,David Lee,197-775-5989
Corporate Strategy,East Wing,628-249-9922
Cybersecurity,Studio B,788-320-3847
Data Analysis,David Lee,810-313-9152
Environmental Health,B620,268-583-9773
Environmental Health,Marco Bernard,523-195-2017
Facilities Management,Sophie Díaz,179-598-7022
Facilities Management,Annex Building,212-536-8216
Global Logistics,Erik Fuller,367-684-8559
Human Resources,Studio B,814-225-9500
Innovation Lab,Cassandra Wu,279-810-7882
Innovation Lab,Erik Fuller,770-729-7549
Investor Relations,3rd Floor,253-193-9467
Legal Affairs,Building A,967-783-4436
Legal Affairs,Linda White,279-152-3878
Market Research,Robert Fischer,565-594-9207
Market Research,Remote Office,565-329-8558
Media Production,Omar Hassan,427-856-1420
Media Production,Basement-32,328-653-4874
Sales and Marketing,Tom Clark,730-987-8678
Supply Chain,Fitness Center,359-691-6051
Workplace Safety,Sarah Johnson,469-780-3748
Public Affairs,Sarah Johnson,448-482-7783
Outreach Programs,Main Office,661-754-6268
Software Engineering,Observation Deck,614-241-7717
Supply Chain,Basement-32,233-603-8228
Product Development,Executive Suite,898-587-5793
Workplace Safety,Erik Fuller,715-602-7783
Virtual Reality Unit,Brian Taylor,266-981-2094
Facilities Management,Director,189-620-4086
Legal Affairs,Room 826,3292
Product Development,Fytxr Vchnkvw,371-320-7792
Supply Chain,Room 351,2935
Human Resources,Consultant,496-424-3648
Data Analysis,Rwrle Ilqlmdy,8856
Supply Chain,Tqscg Vmansoc,9602
Human Resources,Ggydl Yauaqfk,2768
Corporate Strategy,Nhlzt Skzvurh,1833
Compliance,Room 132,834-317-4440
Innovation Lab,Room 245,912-738-4038
Investor Relations,Room 907,631-700-7979
Market Research,Consultant,327-495-8637
Facilities Management,Uthip Mhzctyo,371-872-8537
Global Logistics,Room 926,5766
Media Production,Ftwtz Trpcvxc,9926
Investor Relations,Manager,616-543-7425
Acquisitions,Mjtar Tlxajst,1619
Data Analysis,Room 224,448-570-5300
Cybersecurity,Tkluj Cxgbydv,6880
Product Development,Mtyid Jcsdfdz,9022
Compliance,Room 571,2115
Public Affairs,Rhqus Gnxqwss,178-509-8507
Legal Affairs,Room 354,5259
Acquisitions,Yjnps Dhywpzd,666-180-3910
Global Logistics,Qbofn Gjfcyqm,575-863-1068
Environmental Health,Consultant,2099
Public Affairs,Specialist,838-646-2674
Outreach Programs,Lnubw Hbvdviu,5281
Business Development,Coordinator,991-607-6678
Virtual Reality Unit,Rzvpg Wjvqdxf,866-429-7907
Environmental Health,Room 108,370-934-7591
Software Engineering,Director,618-864-4013
Market Research,Fekfc Cjyopew,747-507-4399
Virtual Reality Unit,Rurcx Pqhdjyo,731-413-2585
Workplace Safety,Room 635,738-792-2909
Sales and Marketing,Coordinator,877-271-8973
Workplace Safety,Room 928,225-710-4189
Cybersecurity,Weyeq Fdvumib,587-772-4614
Product Development,Coordinator,419-596-6561
Sales and Marketing,Room 703,3044
Software Engineering,Manager,499-796-3847
Innovation Lab,Bvbgd Wtjgseo,769-405-8238
Legal Affairs,Room 125,5719
Facilities Management,Zqnzq Hnmbtgp,626-431-5697
Investor Relations,Coordinator,835-514-3569
Environmental Health,Room 312,402-275-5540
Workplace Safety,Specialist,571-426-9897
Data Analysis,Room 179,631-914-5849
Cybersecurity,Room 427,964-295-3450
Innovation Lab,Specialist,240-483-6589
Business Development,Efcly Jvqctop,488-749-3734
Corporate Strategy,Analyst,764-296-2341
Supply Chain,Zzqbr Rfwopxq,540-857-8519
Environmental Health,Jzjwj Wztfbgq,485-471-3652
Legal Affairs,Rgcrd Qptgkml,224-587-3947
Outreach Programs,Room 903,741-328-5711
Software Engineering,Room 410,909-772-7392
Public Affairs,Kpxyr Rldqbyt,394-721-8324
Data Analysis,Room 245,536-963-4840
Market Research,Pnynr Ekebqyd,983-219-4596
Global Logistics,Room 915,981-715-8429
Corporate Strategy,Specialist,730-392-5927
Acquisitions,Room 827,536-527-4163
Human Resources,Room 735,925-417-8692
Sales and Marketing,Manager,992-843-2376
Virtual Reality Unit,Room 164,756-291-8383
Cybersecurity,Room 241,768-529-4392
Global Logistics,Hwcxo Yvhyasx,783-742-6344
Innovation Lab,Appointment Only,549-110-2008
Supply Chain,Appointment Only,6051
Human Resources,Security Desk,709-841-2544
Compliance,Under Renovation,8478
Acquisitions,Cwryd Tajilnc,1298
Business Development,24/7 Access,989-409-3904
Sales and Marketing,Under Renovation,649-308-7055
Sales and Marketing,24/7 Access,4592
Compliance,Appointment Only,8105
Workplace Safety,Appointment Only,6574
Public Affairs,Library,8142
Environmental Health,Security Desk,104-915-7802
Virtual Reality Unit,Appointment Only,4441
Supply Chain,Guests Welcome,720-703-9535
Legal Affairs,Pgmpt Xrdezmk,478-163-3294
Workplace Safety,Guests Welcome,512-489-1998
Software Engineering,Izrza Evhlvoh,9246
Business Development,8AM-5PM,6515
Cybersecurity,Guests Welcome,815-785-9184
Corporate Strategy,Cafeteria,727-824-6284
Global Logistics,Staff Only,100-418-4559
Product Development,8AM-5PM,721-456-8263
Corporate Strategy,Rm. 107,425-294-3697
Investor Relations,Gulus Nrgshxt,2720
Product Development,Kppuq Wchbuvr,897-640-3338
Acquisitions,Xxfgc Shuanac,701-317-6884
Market Research,Ckinb Tatocwh,104-102-6131
Environmental Health,Ximeh Dgiensn,374-171-8709
Acquisitions,Fqexu Uianilk,0029
Market Research,Keycard Only,483-640-8390
Legal Affairs,Lecyn Mbvsbnl,167-382-2409
Sales and Marketing,8AM-5PM,663-840-8423
Supply Chain,Appointment Only,990-934-7980
Environmental Health,Appointment Only,1033
Outreach Programs,Gym,743-826-4036
Innovation Lab,8AM-5PM,7759
Workplace Safety,Guests Welcome,555-519-3620
Sales and Marketing,Guests Welcome,4196
Investor Relations,Appointment Only,6274
Media Production,Zajxa Ftuswus,727-239-8449
Public Affairs,Rm. 105,794-296-4546
Workplace Safety,Server Room,558-333-7959
Human Resources,Wktpc Jzrmqzg,235-486-1572
Outreach Programs,Under Renovation,523-403-7281
Product Development,8AM-5PM,943-424-6441
Supply Chain,Staff Only,801-746-7143
Investor Relations,Appointment Only,708-639-1072
Software Engineering,Closed,0054
Global Logistics,Storage,8253
HR,WiFi Password: ILoveMondays,239-174-6959
Business Development,Odyzl Ronyvzo,513-791-8971
Compliance,Rm. 109,0522
Virtual Reality Unit,Jniay Catsqvq,5336
Compliance,Cafeteria,808-836-9765
Data Analysis,Storage,395-181-4383
Public Affairs,Bgfnl Dzmdwim,5328
Business Development,8AM-5PM,753-446-2009
Virtual Reality Unit,Under Renovation,856-877-8834
Corporate Strategy,Cafeteria,773-550-8393
Global Logistics,Llhic Wxinknd,177-444-7446
Innovation Lab,Bldg. E,0093
Corporate Strategy,Msjzw Porgasl,195-617-5308
Media Production,Rm. 102,6720
Facilities Management,Appointment Only,1221
Data Analysis,Rm. 109,0302
Cybersecurity,Bldg. E,5052
Cybersecurity,Oasxr Xsqsdcx,192-846-8497
Software Engineering,Closed,4430
Facilities Management,Pwrnp Ynbfnev,1846
Legal Affairs,Keycard Only,565-877-8302

